Product_ID,Product_Name,Stock_Quantity,Price,Cost,Sales_Quantity,Sales_Date
P0066,Batik Maxi Dress,39,117.26,112.60,6,01/01/2023
P0064,Traditional Batik Wrap,69,423.42,282.40,7,01/01/2023
P0081,Casual Baju Kurung,40,325.12,298.43,5,02/01/2023
P0056,Baju Kurung Elegance,65,462.52,132.18,8,03/01/2023
P0006,Baju Kurung Pahang,87,367.81,139.30,4,03/01/2023
P0076,Baju Melayu Comfort,29,282.67,140.28,18,03/01/2023
P0068,Baju Melayu Luxe Silver,72,102.69,98.84,14,03/01/2023
P0063,Modern Baju Kurung,59,120.63,117.16,4,03/01/2023
P0080,Batik Palazzo Pants,83,120.68,116.10,17,04/01/2023
P0091,Kurta with Batik Print,56,268.96,142.99,20,04/01/2023
P0099,,33,235.29,232.94,20,04/01/2023
P0020,Batik Kaftan,46,301.41,128.10,3,05/01/2023
P0080,Batik Palazzo Pants,15,372.51,158.88,15,05/01/2023
P0040,Kurta Cotton,15,345.68,231.77,5,05/01/2023
P0016,Modern Batik Dress,81,379.26,232.82,17,05/01/2023
P0068,Baju Melayu Luxe Silver,19,324.53,152.23,2,06/01/2023
P0039,Batik Scarf,77,387.57,33.37,16,06/01/2023
P0049,Jubah Plain,56,315.88,142.24,1,06/01/2023
P0087,Kurta Urban,91,186.73,183.00,2,06/01/2023
P0034,Baju Kurung Satin,21,486.5,97.00,6,07/01/2023
P0015,Baju Melayu Teluk Belanga,84,455.18,170.37,14,07/01/2023
P0025,Baju Kurung Traditional,51,260.44,257.86,13,08/01/2023
P0070,Batik Tunic Dress,79,287.63,122.34,3,08/01/2023
P0073,Elegant Batik Skirt,75,468.75,223.63,20,08/01/2023
P0014,Jubah Abaya,52,160.95,158.60,5,08/01/2023
P0051,Kurta Stylish,60,87.47,82.79,20,08/01/2023
P0055,Casual Batik Shirt,87,455.27,133.39,3,09/01/2023
P0052,Batik A-Line Dress,57,212.77,39.57,6,10/01/2023
P0085,Batik Modern Wrap,55,266.04,156.83,3,10/01/2023
P0070,Batik Tunic Dress,27,139.81,39.15,14,10/01/2023
P0048,Blouse with Batik Print,78,379.72,272.66,10,10/01/2023
P0035,Classic Kurta,31,435.84,191.38,9,10/01/2023
P0093,Jubah Glam,91,210.55,136.93,19,10/01/2023
P0035,Classic Kurta,82,397.43,158.06,2,11/01/2023
P0051,Kurta Stylish,92,388.47,99.65,14,11/01/2023
P0033,Batik Tunic,14,156.99,90.56,7,12/01/2023
P0073,Elegant Batik Skirt,10,352.71,125.08,15,12/01/2023
P0021,Baju Melayu Luxe,49,405.61,61.65,4,13/01/2023
P0065,Jubah Festive,92,127.66,124.31,14,13/01/2023
P0024,Jubah Simple,80,239.43,161.02,2,14/01/2023
P0029,Kurta for Boys,50,124.08,122.08,12,14/01/2023
P0051,Kurta Stylish,53,411.16,92.17,1,14/01/2023
P0053,Baju Melayu Classic Fit,81,302.99,49.90,20,15/01/2023
P0095,Kurta Everyday,68,449.04,188.78,15,15/01/2023
P0044,Modern Batik Kaftan,55,298.8,199.59,13,15/01/2023
P0034,Baju Kurung Satin,55,318.74,85.45,20,16/01/2023
P0059,Baju Melayu Moden,24,421.06,150.06,19,16/01/2023
P0082,Jubah Elegant,78,166.99,135.94,7,16/01/2023
P0096,Batik Kaftan Luxe,87,349.6,211.01,2,18/01/2023
P0036,Batik Maxi Skirt,77,285.11,132.28,16,18/01/2023
P0045,Kurta Linen,68,352.28,213.16,5,18/01/2023
P0013,Baju Kurung Lace,85,98.09,93.84,15,19/01/2023
P0061,Batik Flare Skirt,31,172.67,79.20,13,19/01/2023
P0009,Batik Long Skirt,34,404.43,117.32,3,19/01/2023
P0014,Jubah Abaya,69,379.68,37.93,17,19/01/2023
P0040,Kurta Cotton,43,168.87,166.71,19,19/01/2023
P0074,Modern Batik Shirt,57,252.4,93.49,17,19/01/2023
P0065,Jubah Festive,67,84.77,83.71,8,20/01/2023
P0067,Kurta Festive,69,313.66,95.92,10,20/01/2023
P0028,Baju Melayu Kids,62,149.39,146.75,1,22/01/2023
P0009,Batik Long Skirt,36,52.96,51.79,19,23/01/2023
P0085,Batik Modern Wrap,99,229.89,226.33,1,23/01/2023
P0019,Blouse with Ruffles,81,311.79,76.25,20,23/01/2023
P0062,Kurta Embossed,96,161.32,142.04,15,23/01/2023
P0022,Kurta Ombre,57,105.16,101.00,19,23/01/2023
P0084,Kurta Premium,89,448.46,260.88,12,23/01/2023
P0031,Blouse for Sisters,25,373.08,116.17,12,24/01/2023
P0055,Casual Batik Shirt,18,407.62,191.39,9,24/01/2023
P0098,Kurta Premium Cotton,27,372.95,211.09,4,24/01/2023
P0099,,17,319.97,45.28,12,25/01/2023
P0037,Baju Melayu Elegant,13,85.5,82.78,14,26/01/2023
P0056,Baju Kurung Elegance,78,364.33,109.54,5,27/01/2023
P0092,Batik Formal Shirt,89,251.39,87.23,6,27/01/2023
P0079,Jubah Pastel,49,143.93,141.87,14,27/01/2023
P0032,Jubah with Lace,47,413.73,45.20,17,27/01/2023
P0070,Batik Tunic Dress,31,310.02,218.57,6,28/01/2023
P0079,Jubah Pastel,100,188.94,184.79,2,28/01/2023
P0008,Jubah Traditional,74,171.82,154.25,16,28/01/2023
P0030,Batik Pareo,67,328.25,127.12,18,29/01/2023
P0025,Baju Kurung Traditional,15,178.52,145.58,14,30/01/2023
P0033,Batik Tunic,89,93.57,89.54,1,30/01/2023
P0086,Jubah Simplicity,59,160.74,155.37,16,30/01/2023
P0086,Jubah Simplicity,47,249.66,66.93,10,30/01/2023
P0100,,12,192.71,156.80,3,30/01/2023
P0007,Blouse Modern,42,73.97,71.30,15,31/01/2023
P0026,Casual Kurta,39,98.39,93.21,16,31/01/2023
P0095,Kurta Everyday,55,328.83,114.65,2,31/01/2023
P0075,Jubah Chic,93,272.08,209.56,7,01/02/2023
P0097,Traditional Batik Dress,73,327.35,104.81,10,01/02/2023
P0068,Baju Melayu Luxe Silver,16,434.92,87.05,15,03/02/2023
P0058,Batik Wrap Dress,20,155.64,39.76,13,04/02/2023
P0025,Baju Kurung Traditional,48,380.39,166.33,11,05/02/2023
P0028,Baju Melayu Kids,78,277.91,277.15,13,05/02/2023
P0080,Batik Palazzo Pants,70,353.46,191.26,3,05/02/2023
P0070,Batik Tunic Dress,41,372.64,130.51,1,05/02/2023
P0007,Blouse Modern,88,486.76,128.11,15,05/02/2023
P0048,Blouse with Batik Print,15,394.17,159.36,17,06/02/2023
P0091,Kurta with Batik Print,99,112.78,107.80,14,06/02/2023
P0047,Baju Melayu Glam,84,241.35,236.92,19,07/02/2023
P0075,Jubah Chic,21,80.99,77.35,17,07/02/2023
P0093,Jubah Glam,10,359.77,73.48,19,07/02/2023
P0100,,44,405.6,36.17,18,07/02/2023
P0030,Batik Pareo,38,117.32,113.55,9,08/02/2023
P0046,Batik Slim Fit Shirt,34,50.24,46.40,12,08/02/2023
P0017,Kurta Slim Fit,58,401.47,256.20,14,08/02/2023
P0002,Baju Kurung Moden,66,187.19,182.28,11,09/02/2023
P0060,Jubah Casual,70,356.33,281.17,13,09/02/2023
P0045,Kurta Linen,45,244.59,240.69,18,09/02/2023
P0007,Blouse Modern,95,160.99,73.83,19,11/02/2023
P0042,Baju Melayu Festive,30,175.21,132.75,1,12/02/2023
P0021,Baju Melayu Luxe,68,221.68,105.34,15,13/02/2023
P0057,Kurta Formal,80,290.78,144.24,12,13/02/2023
P0051,Kurta Stylish,93,184.07,127.57,2,13/02/2023
P0002,Baju Kurung Moden,54,466.51,66.45,9,14/02/2023
P0054,Batik Peplum,30,473.67,144.07,10,14/02/2023
P0075,Jubah Chic,71,315.35,60.03,3,14/02/2023
P0086,Jubah Simplicity,79,102.48,99.98,17,14/02/2023
P0071,Kurta Traditional,37,386.85,76.14,16,14/02/2023
P0034,Baju Kurung Satin,44,499.1,144.22,6,15/02/2023
P0001,Baju Melayu Cekak Musang,10,226.1,49.07,3,15/02/2023
P0042,Baju Melayu Festive,38,80.64,76.64,15,15/02/2023
P0091,Kurta with Batik Print,22,334.97,99.87,6,15/02/2023
P0016,Modern Batik Dress,24,218.18,177.76,12,15/02/2023
P0018,Baju Kurung Cotton,56,122.38,118.27,1,17/02/2023
P0078,Batik Sarong Dress,77,265.7,181.35,16,17/02/2023
P0076,Baju Melayu Comfort,61,194.37,148.46,17,18/02/2023
P0092,Batik Formal Shirt,34,91.11,89.86,14,18/02/2023
P0094,Batik Tunic with Embroidery,15,328.58,161.59,19,18/02/2023
P0084,Kurta Premium,37,393.75,199.07,5,18/02/2023
P0001,Baju Melayu Cekak Musang,24,465.58,89.87,6,19/02/2023
P0052,Batik A-Line Dress,25,218.22,199.50,7,19/02/2023
P0083,Batik A-Line Skirt,42,454.24,271.39,2,19/02/2023
P0026,Casual Kurta,67,339.83,298.87,13,19/02/2023
P0014,Jubah Abaya,25,253.25,161.36,8,19/02/2023
P0022,Kurta Ombre,24,204.7,202.90,5,19/02/2023
P0044,Modern Batik Kaftan,56,180.08,178.26,3,19/02/2023
P0023,Traditional Batik Sarong,66,59.92,56.49,16,19/02/2023
P0053,Baju Melayu Classic Fit,98,346.69,298.30,17,20/02/2023
P0030,Batik Pareo,99,64.86,49.97,14,20/02/2023
P0017,Kurta Slim Fit,25,441.36,269.22,18,21/02/2023
P0075,Jubah Chic,66,224.28,64.41,14,22/02/2023
P0036,Batik Maxi Skirt,41,416.31,163.27,5,23/02/2023
P0044,Modern Batik Kaftan,90,185.67,181.68,3,24/02/2023
P0065,Jubah Festive,39,214.46,149.32,1,25/02/2023
P0018,Baju Kurung Cotton,52,332.19,38.22,13,26/02/2023
P0005,Batik Sarong,71,214.38,209.52,7,26/02/2023
P0026,Casual Kurta,31,429.18,162.94,11,26/02/2023
P0072,Batik Kurung,80,449.64,237.12,17,27/02/2023
P0054,Batik Peplum,34,82.87,80.89,11,27/02/2023
P0013,Baju Kurung Lace,72,167.68,96.26,9,01/03/2023
P0054,Batik Peplum,46,67.9,51.81,6,01/03/2023
P0051,Kurta Stylish,91,454.28,232.82,18,01/03/2023
P0078,Batik Sarong Dress,44,191.54,190.27,3,02/03/2023
P0033,Batik Tunic,18,189,106.28,16,02/03/2023
P0006,Baju Kurung Pahang,33,378.05,213.45,6,03/03/2023
P0022,Kurta Ombre,25,332.37,114.08,2,03/03/2023
P0042,Baju Melayu Festive,13,457.66,182.47,2,05/03/2023
P0079,Jubah Pastel,83,490.26,95.36,11,05/03/2023
P0095,Kurta Everyday,78,326.2,76.31,11,05/03/2023
P0045,Kurta Linen,62,394.14,31.87,17,05/03/2023
P0013,Baju Kurung Lace,44,177.92,173.19,11,06/03/2023
P0031,Blouse for Sisters,17,464.88,260.99,6,06/03/2023
P0036,Batik Maxi Skirt,20,68.6,65.83,19,08/03/2023
P0080,Batik Palazzo Pants,94,187.25,184.40,3,08/03/2023
P0081,Casual Baju Kurung,61,97.78,93.75,14,08/03/2023
P0008,Jubah Traditional,62,479.48,168.51,5,08/03/2023
P0004,Kurta Casual,92,375.21,238.06,19,08/03/2023
P0046,Batik Slim Fit Shirt,70,416.3,134.07,7,09/03/2023
P0086,Jubah Simplicity,50,52.78,48.81,5,09/03/2023
P0003,Baju Melayu Slim Fit,96,323.19,83.19,18,10/03/2023
P0096,Batik Kaftan Luxe,77,401.11,73.62,1,10/03/2023
P0016,Modern Batik Dress,58,474.26,251.39,20,10/03/2023
P0056,Baju Kurung Elegance,91,102.65,68.08,19,11/03/2023
P0010,Baju Melayu Classic,15,374.17,140.14,3,11/03/2023
P0075,Jubah Chic,43,235.95,136.65,15,11/03/2023
P0009,Batik Long Skirt,28,486.83,210.05,15,12/03/2023
P0084,Kurta Premium,62,401.44,231.07,1,12/03/2023
P0064,Traditional Batik Wrap,91,336.45,272.57,7,12/03/2023
P0100,,90,287.04,174.68,2,12/03/2023
P0018,Baju Kurung Cotton,82,320.76,82.12,15,13/03/2023
P0006,Baju Kurung Pahang,53,267.99,58.45,6,13/03/2023
P0019,Blouse with Ruffles,57,340.21,46.08,11,13/03/2023
P0082,Jubah Elegant,63,437.84,56.91,12,13/03/2023
P0038,Modern Jubah,15,136.53,92.20,13,13/03/2023
P0020,Batik Kaftan,93,78.93,75.66,16,15/03/2023
P0096,Batik Kaftan Luxe,99,352.01,88.83,12,15/03/2023
P0087,Kurta Urban,58,231.54,60.67,14,15/03/2023
P0038,Modern Jubah,69,242.11,195.37,18,15/03/2023
P0070,Batik Tunic Dress,82,281.81,86.47,4,16/03/2023
P0038,Modern Jubah,52,418.02,200.27,16,17/03/2023
P0029,Kurta for Boys,17,370.27,258.83,19,18/03/2023
P0098,Kurta Premium Cotton,45,470.68,73.93,18,18/03/2023
P0098,Kurta Premium Cotton,93,339.16,287.68,1,19/03/2023
P0078,Batik Sarong Dress,53,448.63,261.11,6,20/03/2023
P0090,Batik Scarf Wrap,51,376.91,275.95,7,20/03/2023
P0082,Jubah Elegant,98,52.81,48.66,12,20/03/2023
P0058,Batik Wrap Dress,43,231.45,135.50,5,21/03/2023
P0013,Baju Kurung Lace,60,259.46,178.82,10,22/03/2023
P0068,Baju Melayu Luxe Silver,54,383.58,79.39,8,22/03/2023
P0047,Baju Melayu Glam,42,323.93,282.83,1,23/03/2023
P0028,Baju Melayu Kids,13,243.25,36.68,16,23/03/2023
P0096,Batik Kaftan Luxe,50,438.53,42.88,4,23/03/2023
P0095,Kurta Everyday,91,170.88,166.88,7,23/03/2023
P0002,Baju Kurung Moden,68,191.53,63.07,15,24/03/2023
P0027,Premium Batik Shirt,17,357.63,180.25,8,24/03/2023
P0020,Batik Kaftan,82,83.14,78.76,1,25/03/2023
P0045,Kurta Linen,96,137.36,79.40,20,25/03/2023
P0003,Baju Melayu Slim Fit,40,237.01,51.61,3,26/03/2023
P0069,Jubah for Kids,36,345.88,239.46,3,26/03/2023
P0040,Kurta Cotton,89,417.91,183.51,8,26/03/2023
P0021,Baju Melayu Luxe,31,257.87,31.59,11,27/03/2023
P0085,Batik Modern Wrap,26,100.79,98.69,3,27/03/2023
P0051,Kurta Stylish,80,187.54,186.28,17,27/03/2023
P0099,,59,256.78,76.19,19,27/03/2023
P0080,Batik Palazzo Pants,64,182.93,178.81,13,28/03/2023
P0014,Jubah Abaya,91,83.22,80.97,13,28/03/2023
P0075,Jubah Chic,75,175.93,171.47,1,28/03/2023
P0079,Jubah Pastel,17,284.78,67.63,8,28/03/2023
P0038,Modern Jubah,14,459.4,54.37,8,28/03/2023
P0046,Batik Slim Fit Shirt,76,271.57,239.24,16,29/03/2023
P0071,Kurta Traditional,41,116.35,115.03,2,29/03/2023
P0066,Batik Maxi Dress,20,499.25,154.57,11,30/03/2023
P0054,Batik Peplum,25,321.53,83.33,12,30/03/2023
P0039,Batik Scarf,82,171.73,169.25,15,30/03/2023
P0073,Elegant Batik Skirt,18,427.36,239.09,20,31/03/2023
P0040,Kurta Cotton,51,92.48,91.29,8,31/03/2023
P0050,Batik Palazzo,28,263.67,247.20,6,01/04/2023
P0060,Jubah Casual,97,428.46,166.64,4,01/04/2023
P0071,Kurta Traditional,19,388.04,37.77,11,01/04/2023
P0100,,28,272.05,57.72,14,01/04/2023
P0006,Baju Kurung Pahang,25,381.37,124.09,18,02/04/2023
P0084,Kurta Premium,16,303.09,85.41,19,02/04/2023
P0098,Kurta Premium Cotton,75,241.2,238.68,7,02/04/2023
P0047,Baju Melayu Glam,89,429.64,91.61,10,03/04/2023
P0078,Batik Sarong Dress,62,482.29,106.02,16,03/04/2023
P0002,Baju Kurung Moden,48,115.49,40.09,18,04/04/2023
P0009,Batik Long Skirt,49,257.42,185.88,11,04/04/2023
P0024,Jubah Simple,97,144.78,140.18,15,04/04/2023
P0036,Batik Maxi Skirt,25,386.19,169.88,17,05/04/2023
P0089,Traditional Jubah,11,473.23,77.43,17,05/04/2023
P0053,Baju Melayu Classic Fit,39,351.83,97.44,20,06/04/2023
P0066,Batik Maxi Dress,50,454.61,250.55,2,06/04/2023
P0072,Batik Kurung,32,215.89,120.22,8,07/04/2023
P0085,Batik Modern Wrap,62,485.35,107.93,10,07/04/2023
P0026,Casual Kurta,28,96.52,93.65,20,07/04/2023
P0073,Elegant Batik Skirt,27,364.78,238.55,17,07/04/2023
P0050,Batik Palazzo,84,352.24,238.72,12,08/04/2023
P0088,Modern Baju Melayu,12,304.54,169.99,10,08/04/2023
P0074,Modern Batik Shirt,84,325.8,85.45,15,08/04/2023
P0026,Casual Kurta,22,404.69,248.30,11,09/04/2023
P0026,Casual Kurta,77,148.6,77.46,4,09/04/2023
P0014,Jubah Abaya,36,217.78,176.08,20,09/04/2023
P0013,Baju Kurung Lace,26,153.47,151.39,15,10/04/2023
P0015,Baju Melayu Teluk Belanga,79,386.21,204.39,14,10/04/2023
P0067,Kurta Festive,27,418.13,176.81,14,10/04/2023
P0042,Baju Melayu Festive,74,327.28,139.03,17,11/04/2023
P0052,Batik A-Line Dress,85,319.76,259.40,20,11/04/2023
P0026,Casual Kurta,10,440.77,104.99,20,11/04/2023
P0038,Modern Jubah,39,431.01,78.74,2,11/04/2023
P0100,,45,384.04,69.42,6,11/04/2023
P0014,Jubah Abaya,41,244.71,168.97,16,12/04/2023
P0094,Batik Tunic with Embroidery,63,496.74,137.24,10,13/04/2023
P0057,Kurta Formal,16,171.34,121.00,1,13/04/2023
P0019,Blouse with Ruffles,48,342.49,257.57,8,14/04/2023
P0098,Kurta Premium Cotton,94,308.66,107.42,20,14/04/2023
P0034,Baju Kurung Satin,41,105.74,101.23,11,15/04/2023
P0015,Baju Melayu Teluk Belanga,75,56.57,53.31,19,15/04/2023
P0046,Batik Slim Fit Shirt,66,475.81,231.53,4,15/04/2023
P0093,Jubah Glam,60,106.32,102.00,9,16/04/2023
P0029,Kurta for Boys,36,184.47,126.78,8,16/04/2023
P0010,Baju Melayu Classic,57,89.68,86.22,20,17/04/2023
P0021,Baju Melayu Luxe,63,62.93,61.26,2,17/04/2023
P0024,Jubah Simple,31,76.35,72.61,11,17/04/2023
P0064,Traditional Batik Wrap,48,80.43,76.36,12,17/04/2023
P0095,Kurta Everyday,71,188.76,184.68,13,18/04/2023
P0025,Baju Kurung Traditional,45,201.61,200.47,10,19/04/2023
P0085,Batik Modern Wrap,70,157.83,39.45,15,19/04/2023
P0028,Baju Melayu Kids,59,376.9,106.78,8,20/04/2023
P0088,Modern Baju Melayu,42,208.53,67.09,14,20/04/2023
P0027,Premium Batik Shirt,14,286.2,281.59,19,20/04/2023
P0028,Baju Melayu Kids,40,221.9,60.45,12,21/04/2023
P0033,Batik Tunic,92,155.47,53.23,13,21/04/2023
P0060,Jubah Casual,100,291.05,274.45,3,21/04/2023
P0065,Jubah Festive,31,113.23,111.45,5,21/04/2023
P0065,Jubah Festive,96,70.49,67.35,2,21/04/2023
P0066,Batik Maxi Dress,30,305.79,119.96,19,22/04/2023
P0071,Kurta Traditional,21,254.89,91.67,18,22/04/2023
P0074,Modern Batik Shirt,53,262.71,253.79,10,22/04/2023
P0080,Batik Palazzo Pants,97,201.83,197.65,1,23/04/2023
P0007,Blouse Modern,14,203.32,39.20,8,23/04/2023
P0003,Baju Melayu Slim Fit,12,243.19,240.46,12,24/04/2023
P0026,Casual Kurta,39,84.37,80.58,7,24/04/2023
P0040,Kurta Cotton,90,243.64,123.63,6,25/04/2023
P0048,Blouse with Batik Print,30,296.51,233.56,7,26/04/2023
P0035,Classic Kurta,36,422.35,289.55,8,26/04/2023
P0009,Batik Long Skirt,44,53.99,50.93,1,27/04/2023
P0090,Batik Scarf Wrap,76,400.65,154.22,12,27/04/2023
P0063,Modern Baju Kurung,29,196.7,195.42,2,27/04/2023
P0043,Jubah Luxe Gold,72,493.5,206.40,19,28/04/2023
P0008,Jubah Traditional,72,335.66,231.95,15,28/04/2023
P0067,Kurta Festive,66,201.67,132.78,13,28/04/2023
P0021,Baju Melayu Luxe,53,434.2,202.70,15,29/04/2023
P0008,Jubah Traditional,58,365.45,189.98,14,29/04/2023
P0088,Modern Baju Melayu,69,399.85,91.19,9,29/04/2023
P0015,Baju Melayu Teluk Belanga,79,294.52,70.93,16,30/04/2023
P0028,Baju Melayu Kids,51,239.05,197.85,5,01/05/2023
P0081,Casual Baju Kurung,15,412.78,263.26,14,01/05/2023
P0058,Batik Wrap Dress,18,450.7,292.52,10,02/05/2023
P0093,Jubah Glam,95,329.08,44.31,4,03/05/2023
P0079,Jubah Pastel,54,295.7,275.55,2,03/05/2023
P0009,Batik Long Skirt,81,494.97,30.51,13,04/05/2023
P0073,Elegant Batik Skirt,52,428.11,211.53,3,04/05/2023
P0065,Jubah Festive,80,70.68,68.97,9,04/05/2023
P0028,Baju Melayu Kids,75,426.35,204.14,4,05/05/2023
P0028,Baju Melayu Kids,34,330.21,65.49,10,05/05/2023
P0068,Baju Melayu Luxe Silver,48,285.91,85.38,7,05/05/2023
P0097,Traditional Batik Dress,85,422.06,202.97,1,05/05/2023
P0097,Traditional Batik Dress,38,484.38,150.18,3,05/05/2023
P0089,Traditional Jubah,30,428.51,129.92,4,05/05/2023
P0056,Baju Kurung Elegance,41,179.14,172.38,3,06/05/2023
P0013,Baju Kurung Lace,53,221.73,220.15,10,06/05/2023
P0093,Jubah Glam,73,380.02,224.04,12,07/05/2023
P0011,Kurta with Embroidery,77,449.73,182.45,14,07/05/2023
P0018,Baju Kurung Cotton,84,419.52,282.46,13,08/05/2023
P0021,Baju Melayu Luxe,66,179.7,163.05,13,08/05/2023
P0024,Jubah Simple,87,257.95,141.24,9,08/05/2023
P0031,Blouse for Sisters,33,338.77,244.73,15,09/05/2023
P0032,Jubah with Lace,28,197,39.45,17,09/05/2023
P0055,Casual Batik Shirt,58,120.94,71.93,5,10/05/2023
P0042,Baju Melayu Festive,94,395.71,293.80,1,11/05/2023
P0003,Baju Melayu Slim Fit,60,385.59,108.94,12,11/05/2023
P0076,Baju Melayu Comfort,87,75.41,50.00,1,12/05/2023
P0008,Jubah Traditional,74,197.83,196.59,17,12/05/2023
P0038,Modern Jubah,72,90.69,89.39,9,12/05/2023
P0077,Stylish Kurta,54,306.15,281.01,11,12/05/2023
P0003,Baju Melayu Slim Fit,17,150.71,146.19,2,13/05/2023
P0083,Batik A-Line Skirt,30,261.58,174.41,18,13/05/2023
P0031,Blouse for Sisters,53,287.78,201.45,13,13/05/2023
P0049,Jubah Plain,80,278.1,115.36,13,13/05/2023
P0054,Batik Peplum,27,59.88,35.00,17,14/05/2023
P0073,Elegant Batik Skirt,25,379.29,276.38,11,14/05/2023
P0037,Baju Melayu Elegant,13,322.86,234.59,7,16/05/2023
P0078,Batik Sarong Dress,81,470.13,237.23,19,16/05/2023
P0091,Kurta with Batik Print,76,385.36,252.04,20,16/05/2023
P0028,Baju Melayu Kids,14,133.48,131.29,1,18/05/2023
P0059,Baju Melayu Moden,91,197.21,195.80,14,18/05/2023
P0012,Batik Shirt,73,221.84,220.08,3,18/05/2023
P0014,Jubah Abaya,72,205.16,145.55,15,18/05/2023
P0084,Kurta Premium,32,463.49,199.33,14,18/05/2023
P0035,Classic Kurta,92,142.31,138.55,8,21/05/2023
P0065,Jubah Festive,95,142.99,140.37,12,21/05/2023
P0086,Jubah Simplicity,81,400.24,288.26,14,21/05/2023
P0002,Baju Kurung Moden,14,213.22,132.13,5,22/05/2023
P0055,Casual Batik Shirt,43,221.41,98.94,15,22/05/2023
P0008,Jubah Traditional,63,221.53,219.15,19,22/05/2023
P0063,Modern Baju Kurung,91,290.29,256.53,14,22/05/2023
P0085,Batik Modern Wrap,12,245.52,130.62,11,23/05/2023
P0046,Batik Slim Fit Shirt,25,118.17,114.73,7,23/05/2023
P0073,Elegant Batik Skirt,94,213,210.05,3,24/05/2023
P0045,Kurta Linen,32,102.52,100.17,15,24/05/2023
P0080,Batik Palazzo Pants,56,169.7,165.26,13,25/05/2023
P0073,Elegant Batik Skirt,15,129.76,129.28,17,25/05/2023
P0062,Kurta Embossed,89,250.42,97.20,17,25/05/2023
P0096,Batik Kaftan Luxe,38,56.87,49.72,8,27/05/2023
P0082,Jubah Elegant,23,135.79,130.27,20,27/05/2023
P0012,Batik Shirt,69,480.87,167.80,11,28/05/2023
P0035,Classic Kurta,47,430.3,89.61,3,28/05/2023
P0095,Kurta Everyday,72,444.28,207.65,5,29/05/2023
P0045,Kurta Linen,23,407.55,67.61,16,29/05/2023
P0080,Batik Palazzo Pants,99,259.42,90.71,2,30/05/2023
P0090,Batik Scarf Wrap,75,102.8,31.36,8,30/05/2023
P0023,Traditional Batik Sarong,74,412.42,194.65,15,30/05/2023
P0099,,13,360.7,286.92,5,30/05/2023
P0053,Baju Melayu Classic Fit,71,377.45,85.78,17,31/05/2023
P0028,Baju Melayu Kids,10,339.11,170.34,5,31/05/2023
P0031,Blouse for Sisters,94,90.36,88.42,5,01/06/2023
P0081,Casual Baju Kurung,94,63.97,61.93,20,01/06/2023
P0057,Kurta Formal,37,219.92,217.98,8,01/06/2023
P0097,Traditional Batik Dress,52,202.34,191.58,16,01/06/2023
P0018,Baju Kurung Cotton,75,98.21,94.38,5,02/06/2023
P0082,Jubah Elegant,56,476.84,219.59,8,02/06/2023
P0068,Baju Melayu Luxe Silver,85,293.93,228.26,16,03/06/2023
P0033,Batik Tunic,31,190.61,72.27,11,03/06/2023
P0004,Kurta Casual,83,151.8,148.18,18,03/06/2023
P0091,Kurta with Batik Print,40,358.22,103.70,7,03/06/2023
P0052,Batik A-Line Dress,27,131.76,126.88,9,04/06/2023
P0061,Batik Flare Skirt,91,494.92,280.92,1,04/06/2023
P0063,Modern Baju Kurung,16,166.72,69.68,20,04/06/2023
P0034,Baju Kurung Satin,80,234.46,231.32,10,05/06/2023
P0019,Blouse with Ruffles,59,469.38,281.75,1,05/06/2023
P0086,Jubah Simplicity,25,64.26,62.38,19,05/06/2023
P0095,Kurta Everyday,74,99.87,97.76,18,05/06/2023
P0022,Kurta Ombre,58,82.16,68.73,9,05/06/2023
P0058,Batik Wrap Dress,33,126.89,62.80,14,06/06/2023
P0023,Traditional Batik Sarong,84,247.8,50.89,3,06/06/2023
P0100,,26,261.84,183.21,4,06/06/2023
P0080,Batik Palazzo Pants,90,223.46,100.54,13,07/06/2023
P0008,Jubah Traditional,42,70.05,65.73,17,07/06/2023
P0002,Baju Kurung Moden,74,221.41,96.17,4,08/06/2023
P0096,Batik Kaftan Luxe,19,289.13,140.96,17,08/06/2023
P0065,Jubah Festive,83,273.72,167.26,15,08/06/2023
P0009,Batik Long Skirt,49,322.6,243.71,16,09/06/2023
P0080,Batik Palazzo Pants,34,91.67,90.15,3,09/06/2023
P0070,Batik Tunic Dress,65,66.16,62.35,5,09/06/2023
P0015,Baju Melayu Teluk Belanga,62,106.52,102.04,7,10/06/2023
P0096,Batik Kaftan Luxe,16,246.62,74.81,14,10/06/2023
P0007,Blouse Modern,32,490.09,114.69,15,10/06/2023
P0007,Blouse Modern,85,163.57,158.78,8,11/06/2023
P0040,Kurta Cotton,56,187.05,178.48,8,11/06/2023
P0068,Baju Melayu Luxe Silver,51,380.32,143.77,1,12/06/2023
P0009,Batik Long Skirt,97,69.18,66.65,11,12/06/2023
P0029,Kurta for Boys,54,347.89,196.98,19,12/06/2023
P0034,Baju Kurung Satin,30,407.48,166.02,4,13/06/2023
P0021,Baju Melayu Luxe,83,201.37,185.35,5,13/06/2023
P0065,Jubah Festive,40,410.94,102.78,5,13/06/2023
P0017,Kurta Slim Fit,49,213.15,209.54,12,13/06/2023
P0066,Batik Maxi Dress,86,233.3,194.98,15,14/06/2023
P0078,Batik Sarong Dress,63,303.2,160.70,4,14/06/2023
P0060,Jubah Casual,11,168.87,101.20,2,14/06/2023
P0027,Premium Batik Shirt,40,494.54,205.34,15,15/06/2023
P0010,Baju Melayu Classic,77,397.8,273.16,19,16/06/2023
P0071,Kurta Traditional,72,92.51,90.55,7,16/06/2023
P0071,Kurta Traditional,100,183.13,79.39,11,16/06/2023
P0034,Baju Kurung Satin,58,155.07,151.25,18,17/06/2023
P0043,Jubah Luxe Gold,60,454.57,264.21,14,17/06/2023
P0040,Kurta Cotton,20,179.4,175.32,8,17/06/2023
P0002,Baju Kurung Moden,54,281.56,204.03,8,19/06/2023
P0023,Traditional Batik Sarong,35,448.64,148.16,13,19/06/2023
P0068,Baju Melayu Luxe Silver,65,190.81,131.97,18,20/06/2023
P0012,Batik Shirt,49,389.92,291.77,12,20/06/2023
P0033,Batik Tunic,68,404.62,286.91,15,20/06/2023
P0004,Kurta Casual,81,352.62,265.61,12,20/06/2023
P0057,Kurta Formal,66,397.91,181.08,19,20/06/2023
P0077,Stylish Kurta,93,105.68,73.23,17,20/06/2023
P0013,Baju Kurung Lace,86,252.57,247.76,2,21/06/2023
P0059,Baju Melayu Moden,55,496.75,289.90,12,21/06/2023
P0024,Jubah Simple,71,368.94,98.33,8,21/06/2023
P0010,Baju Melayu Classic,24,127.4,74.47,4,22/06/2023
P0094,Batik Tunic with Embroidery,74,417.92,222.53,7,22/06/2023
P0065,Jubah Festive,26,253.25,34.51,11,22/06/2023
P0040,Kurta Cotton,95,494.52,148.85,1,22/06/2023
P0032,Jubah with Lace,20,346.48,238.05,13,23/06/2023
P0030,Batik Pareo,45,93.33,89.22,12,24/06/2023
P0073,Elegant Batik Skirt,22,346.56,289.33,14,24/06/2023
P0040,Kurta Cotton,80,195.19,144.82,19,24/06/2023
P0029,Kurta for Boys,13,243.22,240.40,13,24/06/2023
P0029,Kurta for Boys,64,135.24,115.31,3,24/06/2023
P0057,Kurta Formal,55,109.82,105.50,19,24/06/2023
P0089,Traditional Jubah,69,62.74,58.94,7,24/06/2023
P0003,Baju Melayu Slim Fit,25,154.27,31.18,17,25/06/2023
P0004,Kurta Casual,91,172.09,54.75,17,25/06/2023
P0087,Kurta Urban,98,372.73,33.78,5,25/06/2023
P0027,Premium Batik Shirt,58,415.23,152.01,17,25/06/2023
P0028,Baju Melayu Kids,23,137.58,34.70,14,26/06/2023
P0049,Jubah Plain,65,217.65,162.54,20,26/06/2023
P0099,,11,97.95,73.51,14,26/06/2023
P0086,Jubah Simplicity,51,116.4,41.77,20,27/06/2023
P0004,Kurta Casual,47,405.65,130.70,9,28/06/2023
P0045,Kurta Linen,41,332.67,145.02,3,28/06/2023
P0002,Baju Kurung Moden,97,54.67,51.69,9,29/06/2023
P0082,Jubah Elegant,26,302.89,71.14,11,29/06/2023
P0062,Kurta Embossed,76,493.18,270.32,2,29/06/2023
P0011,Kurta with Embroidery,10,100.77,99.50,16,29/06/2023
P0021,Baju Melayu Luxe,23,485.26,98.02,19,30/06/2023
P0100,,75,363.57,124.82,2,30/06/2023
P0034,Baju Kurung Satin,44,123.47,119.57,3,01/07/2023
P0059,Baju Melayu Moden,19,445.91,209.38,2,01/07/2023
P0061,Batik Flare Skirt,14,210.4,187.42,13,01/07/2023
P0093,Jubah Glam,68,434.42,192.33,1,01/07/2023
P0062,Kurta Embossed,16,211.39,209.26,19,01/07/2023
P0007,Blouse Modern,61,102.11,42.17,14,02/07/2023
P0073,Elegant Batik Skirt,56,285.55,245.18,11,02/07/2023
P0079,Jubah Pastel,97,452.79,100.42,19,02/07/2023
P0022,Kurta Ombre,33,405.27,75.84,20,02/07/2023
P0079,Jubah Pastel,89,119.36,115.52,9,03/07/2023
P0059,Baju Melayu Moden,48,481.92,275.36,19,04/07/2023
P0078,Batik Sarong Dress,17,83.34,81.00,1,04/07/2023
P0059,Baju Melayu Moden,22,233.2,103.22,17,05/07/2023
P0037,Baju Melayu Elegant,41,202.17,34.94,17,06/07/2023
P0009,Batik Long Skirt,56,201.97,127.44,18,06/07/2023
P0087,Kurta Urban,14,444.59,59.20,15,06/07/2023
P0041,Batik Wrap Skirt,62,75.41,72.88,14,07/07/2023
P0048,Blouse with Batik Print,54,492.57,87.26,19,07/07/2023
P0040,Kurta Cotton,86,412.27,63.06,11,07/07/2023
P0038,Modern Jubah,66,323.64,271.38,4,07/07/2023
P0018,Baju Kurung Cotton,98,363.32,53.64,18,08/07/2023
P0006,Baju Kurung Pahang,86,124.6,108.65,10,08/07/2023
P0034,Baju Kurung Satin,23,409.94,139.00,13,08/07/2023
P0094,Batik Tunic with Embroidery,87,432.1,206.44,16,08/07/2023
P0046,Batik Slim Fit Shirt,73,344.95,281.64,12,09/07/2023
P0033,Batik Tunic,21,241.06,118.78,19,09/07/2023
P0088,Modern Baju Melayu,12,150.01,146.27,19,09/07/2023
P0061,Batik Flare Skirt,49,430.59,164.17,11,11/07/2023
P0064,Traditional Batik Wrap,35,452.62,195.52,2,11/07/2023
P0006,Baju Kurung Pahang,63,218.57,215.70,16,12/07/2023
P0037,Baju Melayu Elegant,32,101.38,98.73,5,12/07/2023
P0009,Batik Long Skirt,86,326.08,216.65,2,12/07/2023
P0025,Baju Kurung Traditional,49,313.55,289.32,8,13/07/2023
P0054,Batik Peplum,32,419.35,150.96,9,14/07/2023
P0017,Kurta Slim Fit,93,104.24,100.47,11,14/07/2023
P0055,Casual Batik Shirt,98,185.47,171.44,10,15/07/2023
P0026,Casual Kurta,40,489.58,90.70,14,15/07/2023
P0052,Batik A-Line Dress,18,470.43,88.71,13,16/07/2023
P0083,Batik A-Line Skirt,32,73.34,68.51,3,16/07/2023
P0098,Kurta Premium Cotton,16,168.16,105.20,18,16/07/2023
P0066,Batik Maxi Dress,36,200.12,196.96,11,17/07/2023
P0056,Baju Kurung Elegance,90,460.54,53.53,10,18/07/2023
P0028,Baju Melayu Kids,69,318.38,157.57,5,18/07/2023
P0036,Batik Maxi Skirt,53,396.43,136.79,13,18/07/2023
P0054,Batik Peplum,88,397.69,112.30,19,18/07/2023
P0043,Jubah Luxe Gold,21,489.69,233.07,4,18/07/2023
P0095,Kurta Everyday,43,472.7,219.22,3,18/07/2023
P0074,Modern Batik Shirt,95,457.37,76.79,11,18/07/2023
P0064,Traditional Batik Wrap,39,114.55,109.79,19,18/07/2023
P0099,,40,477.42,296.47,12,18/07/2023
P0025,Baju Kurung Traditional,84,399.91,182.31,2,19/07/2023
P0058,Batik Wrap Dress,89,92.09,63.42,18,19/07/2023
P0004,Kurta Casual,98,63.88,61.65,12,19/07/2023
P0023,Traditional Batik Sarong,44,467.14,242.91,20,19/07/2023
P0006,Baju Kurung Pahang,11,379.72,264.32,19,21/07/2023
P0078,Batik Sarong Dress,44,339.32,240.43,7,21/07/2023
P0019,Blouse with Ruffles,95,71.22,67.79,3,21/07/2023
P0054,Batik Peplum,47,223.8,219.97,7,22/07/2023
P0014,Jubah Abaya,57,138.04,59.78,17,22/07/2023
P0023,Traditional Batik Sarong,72,343.68,230.68,1,22/07/2023
P0010,Baju Melayu Classic,85,408.31,68.43,7,23/07/2023
P0052,Batik A-Line Dress,55,380.1,71.99,11,23/07/2023
P0072,Batik Kurung,27,231.97,57.21,11,23/07/2023
P0090,Batik Scarf Wrap,77,363.24,207.96,1,23/07/2023
P0075,Jubah Chic,52,205.27,200.73,10,23/07/2023
P0030,Batik Pareo,46,390.36,218.00,16,24/07/2023
P0057,Kurta Formal,90,316.51,289.65,1,24/07/2023
P0002,Baju Kurung Moden,28,291.67,275.34,14,25/07/2023
P0072,Batik Kurung,32,280.68,80.65,2,25/07/2023
P0079,Jubah Pastel,54,446.57,89.29,11,25/07/2023
P0040,Kurta Cotton,25,323.29,293.45,14,25/07/2023
P0022,Kurta Ombre,92,290.96,73.12,12,25/07/2023
P0099,,56,130.52,126.82,17,26/07/2023
P0038,Modern Jubah,88,200.8,196.04,6,27/07/2023
P0006,Baju Kurung Pahang,14,390.35,205.37,12,28/07/2023
P0039,Batik Scarf,23,294.08,104.37,5,28/07/2023
P0044,Modern Batik Kaftan,92,222.51,218.27,7,28/07/2023
P0096,Batik Kaftan Luxe,26,191.58,181.82,19,29/07/2023
P0069,Jubah for Kids,45,326.45,128.05,18,29/07/2023
P0037,Baju Melayu Elegant,11,475.58,178.09,7,30/07/2023
P0059,Baju Melayu Moden,97,108.83,107.25,20,30/07/2023
P0095,Kurta Everyday,79,88.48,53.70,7,30/07/2023
P0087,Kurta Urban,63,214.7,35.79,8,30/07/2023
P0087,Kurta Urban,75,332.46,189.31,7,30/07/2023
P0002,Baju Kurung Moden,22,448.11,51.62,20,31/07/2023
P0001,Baju Melayu Cekak Musang,14,313.56,292.12,3,31/07/2023
P0072,Batik Kurung,76,210.97,89.59,8,31/07/2023
P0005,Batik Sarong,88,245.42,79.75,20,31/07/2023
P0058,Batik Wrap Dress,11,54.64,45.08,4,31/07/2023
P0083,Batik A-Line Skirt,42,453.92,62.89,10,02/08/2023
P0058,Batik Wrap Dress,38,53.86,52.64,19,02/08/2023
P0055,Casual Batik Shirt,76,310.75,76.25,16,02/08/2023
P0001,Baju Melayu Cekak Musang,48,427,170.69,2,03/08/2023
P0090,Batik Scarf Wrap,69,176.34,77.85,6,03/08/2023
P0070,Batik Tunic Dress,32,304.79,253.15,15,03/08/2023
P0077,Stylish Kurta,98,437.83,277.80,7,03/08/2023
P0100,,51,409.35,85.03,10,03/08/2023
P0067,Kurta Festive,48,87.52,76.97,6,04/08/2023
P0087,Kurta Urban,79,284.61,183.78,14,04/08/2023
P0074,Modern Batik Shirt,27,431.62,171.27,1,04/08/2023
P0013,Baju Kurung Lace,91,448.64,251.59,12,05/08/2023
P0083,Batik A-Line Skirt,55,289.04,55.15,15,05/08/2023
P0081,Casual Baju Kurung,73,376.46,191.12,12,05/08/2023
P0075,Jubah Chic,25,283.56,138.63,14,05/08/2023
P0082,Jubah Elegant,22,492.42,67.47,16,05/08/2023
P0069,Jubah for Kids,10,333.18,63.98,7,05/08/2023
P0069,Jubah for Kids,66,54.9,53.23,10,05/08/2023
P0028,Baju Melayu Kids,99,453.61,149.97,12,06/08/2023
P0013,Baju Kurung Lace,75,388.07,37.50,3,07/08/2023
P0025,Baju Kurung Traditional,68,392.08,281.53,1,07/08/2023
P0061,Batik Flare Skirt,19,236.34,169.18,8,07/08/2023
P0071,Kurta Traditional,49,294.04,293.59,17,07/08/2023
P0039,Batik Scarf,13,221.31,64.75,3,08/08/2023
P0055,Casual Batik Shirt,10,250.41,247.72,8,08/08/2023
P0024,Jubah Simple,67,176.56,48.33,15,08/08/2023
P0060,Jubah Casual,27,421.96,278.50,5,09/08/2023
P0054,Batik Peplum,26,408,273.39,14,10/08/2023
P0006,Baju Kurung Pahang,89,402.92,105.10,18,11/08/2023
P0081,Casual Baju Kurung,48,68.96,67.07,16,11/08/2023
P0032,Jubah with Lace,29,412.4,144.59,9,11/08/2023
P0074,Modern Batik Shirt,31,498.53,160.73,12,11/08/2023
P0054,Batik Peplum,75,133.43,47.56,3,12/08/2023
P0024,Jubah Simple,14,395.55,195.48,1,12/08/2023
P0038,Modern Jubah,39,80.92,77.80,20,12/08/2023
P0042,Baju Melayu Festive,52,227,122.21,14,13/08/2023
P0008,Jubah Traditional,100,350.34,176.30,6,13/08/2023
P0052,Batik A-Line Dress,42,448.35,195.93,17,14/08/2023
P0070,Batik Tunic Dress,60,138.15,135.35,1,14/08/2023
P0071,Kurta Traditional,23,177.91,137.91,7,14/08/2023
P0087,Kurta Urban,77,134.33,132.80,4,14/08/2023
P0023,Traditional Batik Sarong,36,190.63,103.39,5,14/08/2023
P0094,Batik Tunic with Embroidery,16,51.16,47.12,14,15/08/2023
P0058,Batik Wrap Dress,24,319,268.17,20,15/08/2023
P0041,Batik Wrap Skirt,46,384.29,131.23,6,15/08/2023
P0069,Jubah for Kids,23,203.25,170.54,14,15/08/2023
P0060,Jubah Casual,72,415.97,173.81,16,16/08/2023
P0098,Kurta Premium Cotton,55,60.52,56.50,3,16/08/2023
P0021,Baju Melayu Luxe,49,67.12,65.54,6,17/08/2023
P0007,Blouse Modern,75,328.13,71.57,20,17/08/2023
P0055,Casual Batik Shirt,90,109.01,106.51,18,17/08/2023
P0017,Kurta Slim Fit,28,269.08,69.40,16,17/08/2023
P0069,Jubah for Kids,81,308.84,182.35,1,18/08/2023
P0017,Kurta Slim Fit,64,338.32,264.36,4,18/08/2023
P0094,Batik Tunic with Embroidery,86,182.77,56.07,6,19/08/2023
P0080,Batik Palazzo Pants,22,232.67,56.55,3,20/08/2023
P0039,Batik Scarf,59,178.1,175.61,3,20/08/2023
P0040,Kurta Cotton,60,391.96,230.48,11,20/08/2023
P0091,Kurta with Batik Print,92,174.61,135.15,11,20/08/2023
P0013,Baju Kurung Lace,32,477.28,189.00,1,21/08/2023
P0025,Baju Kurung Traditional,81,330.14,79.03,13,21/08/2023
P0015,Baju Melayu Teluk Belanga,59,138.38,136.38,17,21/08/2023
P0100,,42,305.33,72.37,4,21/08/2023
P0013,Baju Kurung Lace,62,468.88,156.24,3,22/08/2023
P0059,Baju Melayu Moden,19,123.39,48.72,2,22/08/2023
P0014,Jubah Abaya,22,438.16,71.60,6,22/08/2023
P0086,Jubah Simplicity,23,237.35,233.48,2,22/08/2023
P0048,Blouse with Batik Print,43,301.43,194.13,20,24/08/2023
P0006,Baju Kurung Pahang,54,444.43,177.09,4,25/08/2023
P0059,Baju Melayu Moden,15,229.77,219.60,3,25/08/2023
P0009,Batik Long Skirt,19,368.53,41.98,7,25/08/2023
P0078,Batik Sarong Dress,53,459.51,156.22,11,25/08/2023
P0081,Casual Baju Kurung,45,266.2,176.51,16,25/08/2023
P0014,Jubah Abaya,89,163.66,161.86,6,25/08/2023
P0081,Casual Baju Kurung,59,221.75,81.52,4,26/08/2023
P0079,Jubah Pastel,27,395.99,179.09,3,26/08/2023
P0022,Kurta Ombre,97,425.34,138.33,1,26/08/2023
P0052,Batik A-Line Dress,15,274.88,202.04,14,27/08/2023
P0065,Jubah Festive,54,136.58,131.85,20,27/08/2023
P0071,Kurta Traditional,47,279.52,103.71,6,27/08/2023
P0001,Baju Melayu Cekak Musang,17,95.81,92.98,4,28/08/2023
P0007,Blouse Modern,39,383.08,219.04,20,28/08/2023
P0055,Casual Batik Shirt,62,441.22,174.47,19,28/08/2023
P0078,Batik Sarong Dress,23,440.71,250.57,7,29/08/2023
P0048,Blouse with Batik Print,64,180.72,63.04,4,29/08/2023
P0016,Modern Batik Dress,100,413.93,180.44,16,29/08/2023
P0093,Jubah Glam,89,304.59,55.42,20,30/08/2023
P0070,Batik Tunic Dress,81,58.55,56.20,17,31/08/2023
P0100,,81,112.71,99.44,15,31/08/2023
P0047,Baju Melayu Glam,34,166.41,165.10,10,02/09/2023
P0054,Batik Peplum,13,216.62,80.62,14,02/09/2023
P0026,Casual Kurta,35,188.77,184.08,14,02/09/2023
P0073,Elegant Batik Skirt,22,169.5,60.63,3,02/09/2023
P0095,Kurta Everyday,58,324.5,98.48,8,02/09/2023
P0099,,83,201.02,199.52,12,02/09/2023
P0026,Casual Kurta,59,93.48,89.35,7,03/09/2023
P0043,Jubah Luxe Gold,27,131.73,129.23,1,03/09/2023
P0035,Classic Kurta,78,113.26,94.52,19,04/09/2023
P0060,Jubah Casual,29,327.38,150.62,3,05/09/2023
P0045,Kurta Linen,26,286.16,123.87,7,05/09/2023
P0059,Baju Melayu Moden,91,240.65,211.24,4,06/09/2023
P0030,Batik Pareo,45,219.76,191.39,6,06/09/2023
P0002,Baju Kurung Moden,67,56.2,52.81,4,07/09/2023
P0043,Jubah Luxe Gold,30,279.46,275.81,11,07/09/2023
P0099,,38,76.48,73.56,3,07/09/2023
P0010,Baju Melayu Classic,19,323.11,217.03,16,08/09/2023
P0007,Blouse Modern,98,144.85,127.29,20,09/09/2023
P0079,Jubah Pastel,45,151.82,44.78,17,09/09/2023
P0057,Kurta Formal,97,451.97,74.46,16,09/09/2023
P0088,Modern Baju Melayu,84,414.04,80.21,9,09/09/2023
P0095,Kurta Everyday,10,412.58,246.96,3,10/09/2023
P0057,Kurta Formal,97,234.98,80.92,17,10/09/2023
P0010,Baju Melayu Classic,67,385.92,206.44,4,11/09/2023
P0085,Batik Modern Wrap,51,339.55,105.61,5,11/09/2023
P0016,Modern Batik Dress,92,235.31,92.61,15,11/09/2023
P0023,Traditional Batik Sarong,44,145.6,81.20,7,11/09/2023
P0037,Baju Melayu Elegant,20,100.36,98.55,20,12/09/2023
P0047,Baju Melayu Glam,27,347.2,35.53,3,12/09/2023
P0059,Baju Melayu Moden,75,485.7,122.78,13,12/09/2023
P0050,Batik Palazzo,59,191.07,56.03,3,12/09/2023
P0011,Kurta with Embroidery,18,144.8,86.63,7,12/09/2023
P0013,Baju Kurung Lace,68,183.72,157.31,11,13/09/2023
P0098,Kurta Premium Cotton,59,438.7,200.16,7,13/09/2023
P0039,Batik Scarf,13,100.73,96.44,11,14/09/2023
P0076,Baju Melayu Comfort,100,497.6,76.04,11,15/09/2023
P0080,Batik Palazzo Pants,52,493.57,162.33,12,15/09/2023
P0081,Casual Baju Kurung,43,454.71,174.55,2,15/09/2023
P0093,Jubah Glam,42,211.04,77.02,18,15/09/2023
P0010,Baju Melayu Classic,100,215.46,132.05,15,16/09/2023
P0094,Batik Tunic with Embroidery,96,499.98,67.05,10,16/09/2023
P0094,Batik Tunic with Embroidery,59,457.84,276.54,9,16/09/2023
P0084,Kurta Premium,14,452.58,56.38,8,16/09/2023
P0060,Jubah Casual,97,123.1,119.52,14,17/09/2023
P0057,Kurta Formal,96,200.55,196.35,18,17/09/2023
P0044,Modern Batik Kaftan,62,53.26,32.27,9,17/09/2023
P0021,Baju Melayu Luxe,71,119.33,115.30,17,18/09/2023
P0070,Batik Tunic Dress,65,333.9,255.26,2,18/09/2023
P0058,Batik Wrap Dress,71,261.05,56.06,11,18/09/2023
P0027,Premium Batik Shirt,56,129.19,67.41,1,18/09/2023
P0059,Baju Melayu Moden,62,187.75,123.59,1,19/09/2023
P0007,Blouse Modern,22,205.87,202.09,10,19/09/2023
P0014,Jubah Abaya,89,464.13,95.10,17,19/09/2023
P0041,Batik Wrap Skirt,92,288.43,174.58,16,20/09/2023
P0044,Modern Batik Kaftan,49,188.19,183.30,8,20/09/2023
P0100,,89,244.92,165.52,9,20/09/2023
P0037,Baju Melayu Elegant,13,432.79,285.89,8,21/09/2023
P0050,Batik Palazzo,45,128.38,126.93,20,21/09/2023
P0063,Modern Baju Kurung,71,260.85,146.56,6,21/09/2023
P0096,Batik Kaftan Luxe,10,421.48,263.36,7,22/09/2023
P0024,Jubah Simple,98,282.44,267.24,12,22/09/2023
P0086,Jubah Simplicity,44,423.83,260.70,19,22/09/2023
P0098,Kurta Premium Cotton,20,122.95,36.34,17,22/09/2023
P0044,Modern Batik Kaftan,35,220.65,156.89,13,22/09/2023
P0018,Baju Kurung Cotton,43,487.44,260.94,8,23/09/2023
P0013,Baju Kurung Lace,29,211.13,130.53,11,24/09/2023
P0028,Baju Melayu Kids,77,227.59,211.53,2,24/09/2023
P0028,Baju Melayu Kids,11,390.52,188.20,18,24/09/2023
P0092,Batik Formal Shirt,20,289.02,260.06,18,24/09/2023
P0094,Batik Tunic with Embroidery,50,111.59,72.90,6,24/09/2023
P0077,Stylish Kurta,55,386.35,72.40,12,24/09/2023
P0093,Jubah Glam,32,68.55,65.13,6,25/09/2023
P0071,Kurta Traditional,60,95.33,93.12,17,25/09/2023
P0010,Baju Melayu Classic,39,285.74,154.89,9,26/09/2023
P0007,Blouse Modern,93,147.29,134.41,14,26/09/2023
P0038,Modern Jubah,22,154.03,149.59,11,26/09/2023
P0098,Kurta Premium Cotton,34,388.91,299.22,18,27/09/2023
P0003,Baju Melayu Slim Fit,90,265.65,210.11,1,28/09/2023
P0083,Batik A-Line Skirt,79,71.24,55.45,17,28/09/2023
P0077,Stylish Kurta,80,123.69,120.66,13,28/09/2023
P0036,Batik Maxi Skirt,58,361.08,243.92,20,29/09/2023
P0081,Casual Baju Kurung,18,120,57.40,5,29/09/2023
P0040,Kurta Cotton,100,479.67,222.75,10,29/09/2023
P0017,Kurta Slim Fit,23,185.96,181.44,13,29/09/2023
P0002,Baju Kurung Moden,13,171.02,91.85,11,30/09/2023
P0080,Batik Palazzo Pants,68,285.94,145.30,1,30/09/2023
P0025,Baju Kurung Traditional,62,143.85,142.83,17,01/10/2023
P0029,Kurta for Boys,26,162.74,102.84,17,01/10/2023
P0100,,90,316.73,39.92,20,01/10/2023
P0096,Batik Kaftan Luxe,57,308.25,36.70,1,02/10/2023
P0012,Batik Shirt,47,391.85,177.33,7,02/10/2023
P0007,Blouse Modern,19,157.11,154.35,2,02/10/2023
P0024,Jubah Simple,17,108.16,105.76,7,02/10/2023
P0024,Jubah Simple,86,469.54,31.32,7,02/10/2023
P0099,,70,402.27,152.48,6,02/10/2023
P0099,,13,212.67,181.23,18,02/10/2023
P0040,Kurta Cotton,28,430.26,197.36,14,03/10/2023
P0064,Traditional Batik Wrap,13,386.18,54.30,5,03/10/2023
P0009,Batik Long Skirt,73,229.87,226.62,13,04/10/2023
P0044,Modern Batik Kaftan,19,198.98,195.39,11,04/10/2023
P0013,Baju Kurung Lace,25,480.36,93.79,8,05/10/2023
P0036,Batik Maxi Skirt,88,446.03,257.16,16,05/10/2023
P0051,Kurta Stylish,39,471.11,233.45,1,05/10/2023
P0033,Batik Tunic,74,319.53,289.22,3,06/10/2023
P0014,Jubah Abaya,80,381.56,83.18,8,06/10/2023
P0060,Jubah Casual,88,227.02,120.47,3,06/10/2023
P0070,Batik Tunic Dress,91,465.98,137.33,3,07/10/2023
P0079,Jubah Pastel,38,252.88,74.96,6,07/10/2023
P0062,Kurta Embossed,96,372.32,168.46,9,08/10/2023
P0045,Kurta Linen,26,325.57,123.08,12,08/10/2023
P0084,Kurta Premium,12,161.63,91.81,16,08/10/2023
P0087,Kurta Urban,51,266.25,224.58,11,08/10/2023
P0046,Batik Slim Fit Shirt,22,257.22,252.70,10,09/10/2023
P0029,Kurta for Boys,94,303.37,164.25,10,09/10/2023
P0090,Batik Scarf Wrap,100,489.35,124.01,8,10/10/2023
P0058,Batik Wrap Dress,66,350.5,214.53,15,10/10/2023
P0029,Kurta for Boys,86,363.98,131.94,16,10/10/2023
P0026,Casual Kurta,94,95.24,93.60,16,11/10/2023
P0035,Classic Kurta,75,331.56,190.40,6,11/10/2023
P0076,Baju Melayu Comfort,49,146.26,121.83,6,12/10/2023
P0052,Batik A-Line Dress,57,491.1,66.04,9,12/10/2023
P0065,Jubah Festive,35,326.17,151.81,20,12/10/2023
P0032,Jubah with Lace,95,131.04,127.35,9,12/10/2023
P0017,Kurta Slim Fit,21,381.72,241.79,10,12/10/2023
P0042,Baju Melayu Festive,47,193.09,155.46,13,13/10/2023
P0002,Baju Kurung Moden,90,364.43,168.83,15,14/10/2023
P0021,Baju Melayu Luxe,33,99.18,95.69,3,14/10/2023
P0013,Baju Kurung Lace,31,437.26,182.36,14,15/10/2023
P0051,Kurta Stylish,97,425.98,167.72,10,15/10/2023
P0063,Modern Baju Kurung,93,132.7,128.74,8,15/10/2023
P0027,Premium Batik Shirt,84,370.6,62.73,6,15/10/2023
P0059,Baju Melayu Moden,30,70.75,67.45,2,16/10/2023
P0058,Batik Wrap Dress,27,378.87,252.25,19,17/10/2023
P0073,Elegant Batik Skirt,38,285.59,157.60,13,17/10/2023
P0032,Jubah with Lace,35,129.23,52.48,16,18/10/2023
P0041,Batik Wrap Skirt,69,483.87,216.17,1,19/10/2023
P0071,Kurta Traditional,60,396.47,215.68,9,19/10/2023
P0034,Baju Kurung Satin,60,447.36,269.08,8,20/10/2023
P0001,Baju Melayu Cekak Musang,57,147.7,79.80,3,21/10/2023
P0012,Batik Shirt,22,167.74,97.07,20,21/10/2023
P0057,Kurta Formal,36,252.59,64.08,14,21/10/2023
P0056,Baju Kurung Elegance,41,228.64,225.13,3,22/10/2023
P0042,Baju Melayu Festive,14,306.18,289.62,6,22/10/2023
P0010,Baju Melayu Classic,82,94.06,89.60,14,23/10/2023
P0059,Baju Melayu Moden,45,271.85,219.24,13,23/10/2023
P0036,Batik Maxi Skirt,84,54.29,50.37,7,23/10/2023
P0039,Batik Scarf,82,71.35,63.60,2,23/10/2023
P0026,Casual Kurta,50,161.03,156.46,15,23/10/2023
P0067,Kurta Festive,74,257.63,256.13,11,23/10/2023
P0042,Baju Melayu Festive,10,173.87,137.03,14,24/10/2023
P0066,Batik Maxi Dress,100,481.14,97.97,13,24/10/2023
P0035,Classic Kurta,94,414.84,117.05,7,24/10/2023
P0032,Jubah with Lace,33,489.74,108.09,5,24/10/2023
P0088,Modern Baju Melayu,94,190.13,127.81,15,24/10/2023
P0029,Kurta for Boys,52,366.11,238.04,1,25/10/2023
P0051,Kurta Stylish,36,455.68,59.31,8,25/10/2023
P0099,,94,462.64,293.28,12,25/10/2023
P0049,Jubah Plain,15,189.07,41.70,10,26/10/2023
P0004,Kurta Casual,16,270.83,92.20,14,26/10/2023
P0062,Kurta Embossed,56,380.91,32.41,9,26/10/2023
P0038,Modern Jubah,100,410.05,214.87,19,26/10/2023
P0066,Batik Maxi Dress,13,51.51,46.80,12,27/10/2023
P0080,Batik Palazzo Pants,20,184.14,43.85,19,27/10/2023
P0035,Classic Kurta,35,365.75,39.27,5,27/10/2023
P0082,Jubah Elegant,75,132.44,129.33,6,27/10/2023
P0011,Kurta with Embroidery,51,477.49,292.70,19,28/10/2023
P0025,Baju Kurung Traditional,65,316.72,293.14,17,29/10/2023
P0005,Batik Sarong,14,232.45,119.05,2,29/10/2023
P0005,Batik Sarong,13,172.44,165.94,19,29/10/2023
P0081,Casual Baju Kurung,44,378.13,50.27,10,29/10/2023
P0087,Kurta Urban,20,485.52,142.02,3,29/10/2023
P0016,Modern Batik Dress,83,438.49,121.04,14,29/10/2023
P0064,Traditional Batik Wrap,95,229.89,175.49,7,29/10/2023
P0078,Batik Sarong Dress,34,176.93,175.57,16,30/10/2023
P0041,Batik Wrap Skirt,43,463,158.18,3,30/10/2023
P0067,Kurta Festive,14,328.66,222.91,19,30/10/2023
P0084,Kurta Premium,69,334.81,67.02,12,30/10/2023
P0047,Baju Melayu Glam,40,224.39,186.95,20,31/10/2023
P0057,Kurta Formal,89,219.82,199.11,2,31/10/2023
P0053,Baju Melayu Classic Fit,78,244.89,30.49,5,01/11/2023
P0033,Batik Tunic,25,269.2,129.19,20,01/11/2023
P0018,Baju Kurung Cotton,14,136.7,59.49,13,02/11/2023
P0078,Batik Sarong Dress,75,475.71,110.78,5,02/11/2023
P0073,Elegant Batik Skirt,66,277.6,62.25,10,02/11/2023
P0082,Jubah Elegant,52,334.04,83.64,11,02/11/2023
P0011,Kurta with Embroidery,77,62.02,60.15,1,02/11/2023
P0013,Baju Kurung Lace,52,275.45,270.49,16,04/11/2023
P0072,Batik Kurung,48,467.17,293.27,6,04/11/2023
P0097,Traditional Batik Dress,31,402.58,237.46,17,04/11/2023
P0050,Batik Palazzo,96,428.19,195.74,17,05/11/2023
P0064,Traditional Batik Wrap,78,78.08,73.30,11,05/11/2023
P0006,Baju Kurung Pahang,66,247.91,212.96,4,06/11/2023
P0047,Baju Melayu Glam,94,100.84,96.81,13,06/11/2023
P0058,Batik Wrap Dress,51,284.4,202.32,1,06/11/2023
P0074,Modern Batik Shirt,74,402.66,206.66,15,06/11/2023
P0023,Traditional Batik Sarong,58,213.57,168.99,16,06/11/2023
P0003,Baju Melayu Slim Fit,47,139.95,49.43,4,08/11/2023
P0055,Casual Batik Shirt,64,424.66,114.66,11,08/11/2023
P0004,Kurta Casual,11,432.08,237.66,11,08/11/2023
P0028,Baju Melayu Kids,78,362.59,166.76,16,09/11/2023
P0012,Batik Shirt,50,159.75,129.18,19,09/11/2023
P0065,Jubah Festive,66,458.84,246.80,2,09/11/2023
P0069,Jubah for Kids,48,127.03,74.82,15,09/11/2023
P0002,Baju Kurung Moden,10,79.82,78.70,4,10/11/2023
P0097,Traditional Batik Dress,51,401.74,104.36,15,10/11/2023
P0047,Baju Melayu Glam,46,131.88,128.54,9,11/11/2023
P0072,Batik Kurung,27,350.69,39.29,17,11/11/2023
P0085,Batik Modern Wrap,89,428.82,155.96,4,11/11/2023
P0041,Batik Wrap Skirt,97,87.86,85.78,8,11/11/2023
P0093,Jubah Glam,42,77.43,75.12,18,11/11/2023
P0079,Jubah Pastel,31,435.12,139.78,1,11/11/2023
P0089,Traditional Jubah,85,431.45,34.96,13,11/11/2023
P0059,Baju Melayu Moden,38,319.9,67.94,7,12/11/2023
P0094,Batik Tunic with Embroidery,77,269.06,33.94,6,12/11/2023
P0048,Blouse with Batik Print,91,60.75,57.39,6,12/11/2023
P0055,Casual Batik Shirt,65,78.46,75.06,1,12/11/2023
P0064,Traditional Batik Wrap,90,70.38,67.59,19,12/11/2023
P0056,Baju Kurung Elegance,14,225.99,101.77,9,13/11/2023
P0076,Baju Melayu Comfort,95,294.51,280.65,6,13/11/2023
P0098,Kurta Premium Cotton,85,204.41,84.13,8,13/11/2023
P0012,Batik Shirt,18,422.25,109.82,6,14/11/2023
P0075,Jubah Chic,10,273.43,102.54,7,14/11/2023
P0052,Batik A-Line Dress,18,138.35,102.73,13,15/11/2023
P0054,Batik Peplum,72,245.06,243.62,2,15/11/2023
P0045,Kurta Linen,99,76.01,72.01,17,15/11/2023
P0056,Baju Kurung Elegance,66,65.97,55.12,14,16/11/2023
P0055,Casual Batik Shirt,91,52.72,50.13,16,16/11/2023
P0021,Baju Melayu Luxe,56,148.69,145.55,4,17/11/2023
P0078,Batik Sarong Dress,84,63.01,59.47,18,17/11/2023
P0031,Blouse for Sisters,99,300.87,78.11,9,17/11/2023
P0074,Modern Batik Shirt,37,348.8,265.46,5,17/11/2023
P0100,,33,166.42,162.94,17,17/11/2023
P0028,Baju Melayu Kids,100,216.77,213.71,7,18/11/2023
P0009,Batik Long Skirt,27,458.75,102.34,4,18/11/2023
P0040,Kurta Cotton,39,497.66,212.49,4,18/11/2023
P0025,Baju Kurung Traditional,59,258.85,248.55,16,20/11/2023
P0060,Jubah Casual,62,470.4,56.23,18,20/11/2023
P0006,Baju Kurung Pahang,50,481.11,202.56,17,21/11/2023
P0042,Baju Melayu Festive,65,271.71,127.13,5,21/11/2023
P0041,Batik Wrap Skirt,64,421.46,141.20,19,21/11/2023
P0019,Blouse with Ruffles,98,474.89,172.94,13,21/11/2023
P0004,Kurta Casual,13,366.14,228.41,6,21/11/2023
P0029,Kurta for Boys,75,137.3,133.73,15,21/11/2023
P0025,Baju Kurung Traditional,48,401,127.66,16,22/11/2023
P0058,Batik Wrap Dress,31,68.01,65.77,10,22/11/2023
P0065,Jubah Festive,60,196.32,80.02,1,22/11/2023
P0099,,66,201.25,126.34,8,22/11/2023
P0001,Baju Melayu Cekak Musang,66,284.2,201.86,6,23/11/2023
P0053,Baju Melayu Classic Fit,17,428.79,289.22,5,23/11/2023
P0084,Kurta Premium,98,97.43,92.57,12,23/11/2023
P0016,Modern Batik Dress,10,462.18,256.90,1,23/11/2023
P0068,Baju Melayu Luxe Silver,64,188.8,40.56,6,25/11/2023
P0083,Batik A-Line Skirt,29,292.29,76.72,6,25/11/2023
P0089,Traditional Jubah,72,390.24,98.95,5,25/11/2023
P0068,Baju Melayu Luxe Silver,35,255.82,201.45,14,26/11/2023
P0020,Batik Kaftan,48,208.77,98.21,13,26/11/2023
P0066,Batik Maxi Dress,15,193.58,189.38,8,26/11/2023
P0033,Batik Tunic,89,107.92,104.33,13,26/11/2023
P0014,Jubah Abaya,39,123.76,115.77,16,26/11/2023
P0063,Modern Baju Kurung,96,448.75,152.57,9,26/11/2023
P0082,Jubah Elegant,92,53.43,50.08,2,27/11/2023
P0086,Jubah Simplicity,70,145.69,143.01,12,27/11/2023
P0071,Kurta Traditional,51,348.06,176.03,12,27/11/2023
P0052,Batik A-Line Dress,67,319.07,154.31,10,28/11/2023
P0008,Jubah Traditional,60,268.91,77.30,10,28/11/2023
P0089,Traditional Jubah,33,416.66,240.41,2,28/11/2023
P0037,Baju Melayu Elegant,10,393.74,248.10,13,29/11/2023
P0030,Batik Pareo,73,322.88,70.80,7,29/11/2023
P0068,Baju Melayu Luxe Silver,86,440.62,65.62,10,30/11/2023
P0061,Batik Flare Skirt,58,195.67,193.13,16,01/12/2023
P0094,Batik Tunic with Embroidery,79,431.02,284.52,17,01/12/2023
P0022,Kurta Ombre,50,355.74,246.82,9,01/12/2023
P0057,Kurta Formal,40,166.52,162.91,2,02/12/2023
P0063,Modern Baju Kurung,24,373.58,204.39,8,02/12/2023
P0069,Jubah for Kids,50,128.77,126.00,7,03/12/2023
P0027,Premium Batik Shirt,83,161.57,158.34,8,03/12/2023
P0034,Baju Kurung Satin,60,413.61,121.16,3,04/12/2023
P0058,Batik Wrap Dress,74,258.61,257.56,5,04/12/2023
P0055,Casual Batik Shirt,31,473.53,67.78,7,04/12/2023
P0084,Kurta Premium,100,67.15,64.65,18,04/12/2023
P0076,Baju Melayu Comfort,33,443.02,194.24,19,05/12/2023
P0083,Batik A-Line Skirt,100,370.53,205.67,19,05/12/2023
P0083,Batik A-Line Skirt,68,393.34,266.93,10,06/12/2023
P0070,Batik Tunic Dress,13,337,224.06,5,06/12/2023
P0079,Jubah Pastel,10,122.82,120.11,20,06/12/2023
P0012,Batik Shirt,62,289.51,197.59,2,07/12/2023
P0096,Batik Kaftan Luxe,81,451.16,139.96,18,08/12/2023
P0058,Batik Wrap Dress,39,214.7,61.11,1,08/12/2023
P0062,Kurta Embossed,85,118,44.81,3,08/12/2023
P0001,Baju Melayu Cekak Musang,79,253.14,197.95,11,09/12/2023
P0080,Batik Palazzo Pants,55,266.43,108.87,4,09/12/2023
P0041,Batik Wrap Skirt,100,245,205.57,9,09/12/2023
P0032,Jubah with Lace,26,271.05,267.19,11,09/12/2023
P0011,Kurta with Embroidery,100,249.05,244.96,14,09/12/2023
P0037,Baju Melayu Elegant,70,211.99,209.24,3,10/12/2023
P0100,,89,222.12,218.25,11,10/12/2023
P0066,Batik Maxi Dress,40,187.48,96.49,15,11/12/2023
P0036,Batik Maxi Skirt,76,223.43,152.84,14,11/12/2023
P0060,Jubah Casual,49,259.83,176.01,11,11/12/2023
P0071,Kurta Traditional,38,290.27,247.70,9,11/12/2023
P0089,Traditional Jubah,12,74.46,70.89,19,11/12/2023
P0036,Batik Maxi Skirt,65,211.28,87.13,1,12/12/2023
P0090,Batik Scarf Wrap,34,163.86,161.15,5,12/12/2023
P0047,Baju Melayu Glam,58,363.72,111.71,16,13/12/2023
P0075,Jubah Chic,60,123.07,120.62,8,13/12/2023
P0011,Kurta with Embroidery,68,313.85,201.62,5,13/12/2023
P0061,Batik Flare Skirt,93,393.29,275.47,9,14/12/2023
P0081,Casual Baju Kurung,42,346.65,66.18,12,14/12/2023
P0057,Kurta Formal,83,429.27,181.63,20,14/12/2023
P0047,Baju Melayu Glam,68,334.66,198.46,6,15/12/2023
P0039,Batik Scarf,16,248.72,102.43,13,15/12/2023
P0068,Baju Melayu Luxe Silver,36,410.5,281.25,9,16/12/2023
P0020,Batik Kaftan,59,255.22,252.36,6,16/12/2023
P0039,Batik Scarf,99,495.85,106.87,1,16/12/2023
P0039,Batik Scarf,50,212.37,199.30,11,16/12/2023
P0082,Jubah Elegant,57,258.48,85.19,19,17/12/2023
P0045,Kurta Linen,57,247.09,185.84,14,17/12/2023
P0016,Modern Batik Dress,54,375.47,213.65,7,17/12/2023
P0028,Baju Melayu Kids,76,271.29,138.64,18,18/12/2023
P0047,Baju Melayu Glam,98,123.84,121.02,1,19/12/2023
P0075,Jubah Chic,49,177.08,95.85,4,19/12/2023
P0097,Traditional Batik Dress,56,232.58,217.54,5,19/12/2023
P0089,Traditional Jubah,36,300.02,123.72,19,19/12/2023
P0083,Batik A-Line Skirt,43,330.1,219.29,15,20/12/2023
P0058,Batik Wrap Dress,33,147,97.90,5,20/12/2023
P0007,Blouse Modern,18,327,157.47,13,20/12/2023
P0018,Baju Kurung Cotton,35,113.73,109.71,6,21/12/2023
P0047,Baju Melayu Glam,22,57.43,35.62,11,21/12/2023
P0068,Baju Melayu Luxe Silver,74,102.91,82.23,17,21/12/2023
P0075,Jubah Chic,13,444.7,98.14,14,21/12/2023
P0062,Kurta Embossed,61,401.91,260.55,8,21/12/2023
P0074,Modern Batik Shirt,10,237.45,30.78,11,21/12/2023
P0038,Modern Jubah,99,236.85,234.63,16,21/12/2023
P0077,Stylish Kurta,96,138.59,134.05,4,21/12/2023
P0069,Jubah for Kids,90,389.69,123.25,11,22/12/2023
P0054,Batik Peplum,94,288.68,227.86,13,23/12/2023
P0086,Jubah Simplicity,70,230.72,217.03,12,23/12/2023
P0008,Jubah Traditional,89,111.55,109.63,1,23/12/2023
P0044,Modern Batik Kaftan,76,106.27,103.67,4,23/12/2023
P0093,Jubah Glam,37,203.86,162.42,9,24/12/2023
P0040,Kurta Cotton,31,89.25,82.52,14,24/12/2023
P0089,Traditional Jubah,18,179.72,177.54,5,24/12/2023
P0091,Kurta with Batik Print,92,144.15,78.57,14,25/12/2023
P0028,Baju Melayu Kids,95,495.6,229.51,4,26/12/2023
P0020,Batik Kaftan,13,262.65,236.48,7,26/12/2023
P0058,Batik Wrap Dress,36,401.91,188.45,8,26/12/2023
P0014,Jubah Abaya,58,54.3,50.57,15,26/12/2023
P0071,Kurta Traditional,48,254.33,168.80,13,26/12/2023
P0078,Batik Sarong Dress,72,108.96,107.04,20,28/12/2023
P0027,Premium Batik Shirt,98,257.89,152.27,11,28/12/2023
P0046,Batik Slim Fit Shirt,12,275.38,163.02,10,29/12/2023
P0022,Kurta Ombre,89,193.81,190.78,14,29/12/2023
P0097,Traditional Batik Dress,69,91.37,60.20,10,29/12/2023
P0015,Baju Melayu Teluk Belanga,69,464.67,269.75,13,30/12/2023
P0086,Jubah Simplicity,55,309.1,181.60,19,30/12/2023
P0100,,81,128.48,125.80,4,30/12/2023
P0068,Baju Melayu Luxe Silver,62,416.45,160.00,12,31/12/2023
